<?xml version="1.0" encoding="UTF-8"?>
<project xmlns="http://maven.apache.org/POM/4.0.0" xmlns:xsi="http://www.w3.org/2001/XMLSchema-instance" xsi:schemaLocation="http://maven.apache.org/POM/4.0.0 http://maven.apache.org/maven-v4_0_0.xsd">
  <modelVersion>4.0.0</modelVersion>
  <groupId>com.goat.project</groupId>
  <artifactId>Sales-and-Records-Management-System</artifactId>
  <version>1.0</version>
  <build>
    <plugins>
      <plugin>
        <artifactId>maven-compiler-plugin</artifactId>
        <version>3.13.0</version>
        <configuration>
          <release>21</release>
          <source>21</source>
          <target>21</target>
        </configuration>
      </plugin>
      <plugin>
        <artifactId>maven-shade-plugin</artifactId>
        <version>3.6.1</version>
        <executions>
          <execution>
            <phase>package</phase>
            <goals>
              <goal>shade</goal>
            </goals>
            <configuration>
              <transformers>
                <transformer>
                  <mainClass>com.goat.project.system.Main</mainClass>
                </transformer>
              </transformers>
              <filters>
                <filter>
                  <artifact>*:*</artifact>
                  <excludes>
                    <exclude>META-INF/*.SF</exclude>
                    <exclude>META-INF/*.DSA</exclude>
                    <exclude>META-INF/*.RSA</exclude>
                  </excludes>
                </filter>
              </filters>
            </configuration>
          </execution>
        </executions>
      </plugin>
      <plugin>
        <groupId>org.openjfx</groupId>
        <artifactId>javafx-maven-plugin</artifactId>
        <version>0.0.8</version>
        <executions>
          <execution>
            <id>default-cli</id>
          </execution>
          <execution>
            <id>debug</id>
            <configuration>
              <options>
                <option>-agentlib:jdwp=transport=dt_socket,server=y,suspend=y,address=localhost:8000</option>
              </options>
            </configuration>
          </execution>
          <execution>
            <id>ide-debug</id>
            <configuration>
              <options>
                <option>-agentlib:jdwp=transport=dt_socket,server=n,address=${jpda.address}</option>
              </options>
            </configuration>
          </execution>
          <execution>
            <id>ide-profile</id>
            <configuration>
              <options>
                <option>${profiler.jvmargs.arg1}</option>
                <option>${profiler.jvmargs.arg2}</option>
                <option>${profiler.jvmargs.arg3}</option>
                <option>${profiler.jvmargs.arg4}</option>
                <option>${profiler.jvmargs.arg5}</option>
              </options>
            </configuration>
          </execution>
        </executions>
        <configuration>
          <mainClass>com.goat.project.system/com.goat.project.system.App</mainClass>
          <options>
            <option>--enable-native-access=javafx.graphics</option>
            <option>--enable-native-access=ALL-UNNAMED</option>
          </options>
        </configuration>
      </plugin>
    </plugins>
  </build>
  <properties>
    <project.build.sourceEncoding>UTF-8</project.build.sourceEncoding>
    <maven.compiler.target>21</maven.compiler.target>
    <maven.compiler.source>21</maven.compiler.source>
  </properties>
</project>
