<?xml version="1.0" encoding="UTF-8"?>
<project-private xmlns="http://www.netbeans.org/ns/project-private/1">
    <editor-bookmarks xmlns="http://www.netbeans.org/ns/editor-bookmarks/2" lastBookmarkId="0"/>
    <open-files xmlns="http://www.netbeans.org/ns/projectui-open-files/2">
        <group>
            <file>file:/C:/Users/cheve/OneDrive/Dokumen/JAVA/MVCPattern%20-%20Copy/src/mvc/MVCPattern.java</file>
            <file>file:/C:/Users/cheve/OneDrive/Dokumen/JAVA/MVCPattern%20-%20Copy/src/mvc/Student.java</file>
            <file>file:/C:/Users/cheve/OneDrive/Dokumen/JAVA/MVCPattern%20-%20Copy/src/mvc/StudentController.java</file>
            <file>file:/C:/Users/cheve/OneDrive/Dokumen/JAVA/MVCPattern%20-%20Copy/src/mvc/StudentView.java</file>
        </group>
    </open-files>
</project-private>
